,Annualized Volatility,Average Daily Return,Average Negative Return,Average Positive Return,Average Return per Trade,Largest Losing Trade,Largest Winning Trade,Max Drawdown,Profit Factor,Sharpe Ratio,Total Number of Trades,Total Return,Winning Rate
0,0.21472797817242956,0.0025209817693623657,-0.0014453316191409475,0.0015643098320546054,3.513979898504336e-05,-0.022155141872579106,0.025529825225705537,-0.08348149630947865,1.0823189718802209,2.9350876756008737,4737,1.3705843200962669,0.5062275701921047
1,0.21937811066188975,0.0016771851464345735,-0.0014866962383149093,0.001588214985813906,2.347388522573383e-05,-0.021690109967794358,0.031963384824309514,-0.12781204448661987,1.0682847947567709,1.911295002694557,4736,1.2465462165258827,0.5004222972972973
2,0.19361325408076094,-0.00015339985557727507,-0.001486429510836075,0.0015035970789313226,-2.1441265351202085e-06,-0.026596207160930866,0.025529825225705537,-0.14042284020532125,1.011549533947016,-0.19807509602788886,4688,0.9774502212301407,0.49552047781569963
3,0.21634096786881452,-0.0021123570260920517,-0.0015464813677139922,0.001474785145934151,-2.954767178946919e-05,-0.029110036686252956,0.014994768270338757,-0.3937808585128786,0.9536391299134612,-2.441004409498793,4743,0.6894835171644691,0.49019607843137253
4,0.225867370031842,2.465760588804665e-05,-0.001467251695146621,0.001553297003399957,3.424343944773417e-07,-0.022239253512800018,0.02601810890490354,-0.17321226006373058,1.0586438635838398,0.027292129319709292,4718,1.003624668065543,0.48601102161933024
5,0.19748937169783864,0.002018817739455364,-0.0014455596229987133,0.0014931883693364628,2.8322791343761936e-05,-0.02279541507767728,0.025300014231675827,-0.0703165299579328,1.032948309831003,2.5556030206832876,4749,1.2967662076999384,0.5131606654032428
6,0.22371900673745007,-0.0007012493201778111,-0.0015300294426767085,0.0014931375153042997,-9.8343493671187e-06,-0.034736097228296035,0.02601810890490354,-0.20392300872282376,0.9758880931677575,-0.7836273394964338,4687,0.8969163499338618,0.49882654149775973
7,0.21472797817242956,0.0025209817693623657,-0.0014453316191409475,0.0015643098320546054,3.513979898504336e-05,-0.022155141872579106,0.025529825225705537,-0.08348149630947865,1.0823189718802209,2.9350876756008737,4737,1.3705843200962669,0.5062275701921047
